Class;Class
Environmental studies;Environmental studies
Environmental studies;Environmental studies
Environmental studies;Environmental studies
Environmental studies;Environmental studies
Environmental studies;Environmental studies
Environmental studies;Environmental studies
Environmental studies;Environmental studies
Environmental studies;Environmental studies
Environmental studies;Environmental studies
Environmental studies;Environmental studies
Environmental studies;Environmental studies
Environmental studies;Environmental studies
Environmental studies;Environmental studies
Environmental studies;Environmental studies
Environmental studies;Environmental studies
Environmental studies;Environmental studies
Environmental studies;Environmental studies
Environmental studies;Environmental studies
Environmental studies;Environmental studies
Environmental studies;Environmental studies
Environmental studies;Environmental studies
Environmental studies;Environmental studies
Environmental studies;Environmental studies
Environmental studies;Environmental studies
Environmental studies;Environmental studies
Environmental studies;Environmental studies
Environmental studies;Environmental studies
Environmental studies;Environmental studies
Environmental studies;Environmental studies
Environmental studies;Environmental studies
Environmental studies;Environmental studies
Environmental studies;Environmental studies
Environmental studies;Environmental studies
Environmental studies;Environmental studies
Environmental studies;Environmental studies
Environmental studies;Environmental studies
Environmental studies;Environmental studies
Environmental studies;Environmental studies
Environmental studies;Environmental studies
Environmental studies;Environmental studies
Political/social science;Political/social science
Political/social science;Political/social science
Political/social science;Political/social science
Political/social science;Political/social science
Political/social science;Political/social science
Political/social science;Political/social science
Political/social science;Political/social science
Political/social science;Political/social science
Political/social science;Political/social science
Political/social science;Political/social science
Political/social science;Political/social science
Political/social science;Political/social science
Political/social science;Political/social science
Political/social science;Political/social science
Political/social science;Political/social science
Political/social science;Political/social science
Political/social science;Political/social science
Political/social science;Political/social science
Political/social science;Political/social science
Political/social science;Political/social science
Political/social science;Political/social science
Political/social science;Political/social science
Political/social science;Political/social science
Political/social science;Political/social science
Political/social science;Political/social science
Political/social science;Political/social science
Political/social science;Political/social science
Political/social science;Political/social science
Political/social science;Political/social science
Political/social science;Political/social science
Political/social science;Political/social science
Political/social science;Political/social science
Political/social science;Political/social science
Political/social science;Political/social science
Political/social science;Political/social science
Engineering;Engineering
Engineering;Engineering
Engineering;Engineering
Engineering;Engineering
Engineering;Engineering
Engineering;Engineering
Engineering;Engineering
Engineering;Engineering
Business;Business
Business;Business
Business;Business
Business;Business
Economics;Economics
Economics;Economics
Economics;Economics
Communication;Communication
Communication;Communication
Communication;Communication
Law;Law
Law;Law
Law;Law
No data;No data
No data;No data
No data;No data
Philosophy;Philosophy
Mathmatics;Mathmatics
Natural sciences;Natural sciences
History;History
